{
  "features": [
    "f_noise",
    "f_emoji",
    "f_length",
    "f_num",
    "f_money",
    "f_date",
    "f_mod",
    "f_nl",
    "f_bul",
    "f_excl",
    "f_caps",
    "f_arou",
    "f_life"
  ],
  "mean_coef": [
    -0.052939640809508304,
    0.0010151622450581994,
    8.54183154970494,
    2.71629524430362,
    1.1070298074856058,
    -0.07922780676745152,
    0.0,
    -0.3470936566180834,
    0.0,
    0.005413270434786019,
    3.1549869797370067,
    -0.20083200008887786,
    2.1164913740853084
  ],
  "std_coef": [
    0.01313053792891241,
    0.004290760733369164,
    0.25977664853412463,
    0.5078943274746772,
    0.3781830352603567,
    0.028966136217650894,
    0.0,
    0.09185257653991276,
    0.0,
    0.07919896930714901,
    0.26649055433717456,
    0.1676901105667237,
    0.3763001507660816
  ],
  "abs_t": [
    4.031488245786372,
    0.23653747450670806,
    32.88131830396054,
    5.348139857496621,
    2.9272251186475473,
    2.735092836660004,
    0.0,
    3.7787712759041256,
    0.0,
    0.06834940066444431,
    11.838975488676109,
    1.1976305685504272,
    5.624461604160689
  ]
}