{
  "a1_feature_drop": {
    "full_auc": 0.7194494539019807,
    "drops": [
      [
        "f_noise",
        0.7194494539019807,
        0.0
      ],
      [
        "f_emoji",
        0.7194494539019807,
        0.0
      ],
      [
        "f_length",
        0.5543633656157934,
        -0.16508608828618732
      ],
      [
        "f_num",
        0.7158837164922833,
        -0.003565737409697345
      ],
      [
        "f_money",
        0.7194766674589145,
        2.7213556933802785e-05
      ],
      [
        "f_date",
        0.7194427053529187,
        -6.748549062018938e-06
      ],
      [
        "f_mod",
        0.7194494539019807,
        0.0
      ],
      [
        "f_nl",
        0.7193505407346714,
        -9.891316730925581e-05
      ],
      [
        "f_bul",
        0.7194494539019807,
        0.0
      ],
      [
        "f_excl",
        0.7207455314393891,
        0.0012960775374084577
      ],
      [
        "f_caps",
        0.7157704135057353,
        -0.0036790403962453366
      ],
      [
        "f_arou",
        0.7200702311070255,
        0.0006207772050448312
      ],
      [
        "f_life",
        0.7179483476659607,
        -0.0015011062360199556
      ]
    ]
  },
  "a2_stack_gzip": {
    "c4_auc": 0.7194494539019807,
    "c4_plus_gzip_auc": 0.7177221996870063
  },
  "a3_platt_c1": {
    "raw_auc": 0.6743652119172314,
    "platt_auc": 0.6743616476172599
  }
}